Workbook

Sheet Faults
A1: Fault messages and reactions
A2: Stop faults | B2: =COUNTIF(D5:D16,"Stop") -> 8 | C2: Warnings | D2: =COUNTIF(D5:D16,"Message") -> 4
A3: Messages are the strings in src/fault_catalog.py. Trip conditions and reactions follow src/safety_rules.py and src/main.py. Blue values on the Limits sheet are the config.yaml thresholds; sentences that use them update from that sheet. Stop rows are in latch priority order. If several stop faults are active, only the first one is shown.
A4: No. | B4: Code | C4: Message | D4: Class | E4: When it trips | F4: Reaction | G4: Shared reaction
A5: 1 | B5: IO_READ_FAILURE | C5: Sensor read failure | D5: Stop | E5: A sensor read throws. The chip shows the exception text. | F5: Acknowledge is allowed immediately. The next failed read trips again. | G5: =IF(D5="Stop","Enter Error. Stop the pump and turn the compressor off. Acknowledge returns to Ready.","Yellow banner only. The session keeps running. No acknowledge.") -> Enter Error. Stop the pump and turn the compressor off. Acknowledge returns to Ready.
A6: 2 | B6: LEVEL_SENSOR | C6: Level sensor failure detected | D6: Stop | E6: Cooling or pumping, and a level switch is not OK. | F6: Acknowledge stays off until both level switches read OK. | G6: =IF(D6="Stop","Enter Error. Stop the pump and turn the compressor off. Acknowledge returns to Ready.","Yellow banner only. The session keeps running. No acknowledge.") -> Enter Error. Stop the pump and turn the compressor off. Acknowledge returns to Ready.
A7: 3 | B7: CARTRIDGE_REMOVED | C7: Cartridge removed during operation | D7: Stop | E7: Cooling or pumping, and the cartridge is not seated. | F7: Acknowledge stays off until the cartridge switch reads ON. | G7: =IF(D7="Stop","Enter Error. Stop the pump and turn the compressor off. Acknowledge returns to Ready.","Yellow banner only. The session keeps running. No acknowledge.") -> Enter Error. Stop the pump and turn the compressor off. Acknowledge returns to Ready.
A8: 4 | B8: FRIDGE_DEFECT | C8: Fridge defect | D8: Stop | E8: A fridge-defect flag. The live tick leaves that flag empty. | F8: Acknowledge stays off until the defect flag clears. | G8: =IF(D8="Stop","Enter Error. Stop the pump and turn the compressor off. Acknowledge returns to Ready.","Yellow banner only. The session keeps running. No acknowledge.") -> Enter Error. Stop the pump and turn the compressor off. Acknowledge returns to Ready.
A9: 5 | B9: LEAK_DETECTED | C9: Leak detected | D9: Stop | E9: =CONCATENATE("Leak line stays low for ",TEXT(Limits!B13,"0.0")," s. Leak detection is ",LOWER(Limits!B14),".") -> Leak line stays low for 0.5 s. Leak detection is off. | F9: Acknowledge stays off until the leak sensor reads dry. | G9: =IF(D9="Stop","Enter Error. Stop the pump and turn the compressor off. Acknowledge returns to Ready.","Yellow banner only. The session keeps running. No acknowledge.") -> Enter Error. Stop the pump and turn the compressor off. Acknowledge returns to Ready.
A10: 6 | B10: CSF_LOW_TEMP | C10: CSF low temp | D10: Stop | E10: =CONCATENATE("Cooling or pumping, and ",Limits!B5," is below ",TEXT(Limits!B6,"0")," °C.") -> Cooling or pumping, and Body Temp is below 28 °C. | F10: =CONCATENATE("Acknowledge stays off until ",Limits!B5," is at or above ",TEXT(Limits!B6,"0")," °C.") -> Acknowledge stays off until Body Temp is at or above 28 °C. | G10: =IF(D10="Stop","Enter Error. Stop the pump and turn the compressor off. Acknowledge returns to Ready.","Yellow banner only. The session keeps running. No acknowledge.") -> Enter Error. Stop the pump and turn the compressor off. Acknowledge returns to Ready.
A11: 7 | B11: HEAT_EX_TOO_COLD | C11: Heat exchanger too cold | D11: Stop | E11: =CONCATENATE("Cooling or pumping, and ",Limits!B7," is below ",TEXT(Limits!B8,"0")," °C.") -> Cooling or pumping, and Plate 1 is below -10 °C. | F11: =CONCATENATE("Acknowledge stays off until ",Limits!B7," is at or above ",TEXT(Limits!B8,"0")," °C.") -> Acknowledge stays off until Plate 1 is at or above -10 °C. | G11: =IF(D11="Stop","Enter Error. Stop the pump and turn the compressor off. Acknowledge returns to Ready.","Yellow banner only. The session keeps running. No acknowledge.") -> Enter Error. Stop the pump and turn the compressor off. Acknowledge returns to Ready.
A12: 8 | B12: COOLING_INEFFECTIVE | C12: Cooling ineffective | D12: Stop | E12: =CONCATENATE("Pump and compressor on, and ",Limits!B5," falls less than ",TEXT(Limits!B10,"0.0")," °C within ",TEXT(Limits!B9,"0")," s.") -> Pump and compressor on, and Body Temp falls less than 0.2 °C within 600 s. | F12: Acknowledge is available on the next tick. Stopping the pump clears the rule. | G12: =IF(D12="Stop","Enter Error. Stop the pump and turn the compressor off. Acknowledge returns to Ready.","Yellow banner only. The session keeps running. No acknowledge.") -> Enter Error. Stop the pump and turn the compressor off. Acknowledge returns to Ready.
A13: 9 | B13: BATTERY_LOW | C13: Battery low | D13: Message | E13: =CONCATENATE("Reported charge is below ",TEXT(Limits!B11,"0"),"%. The live tick leaves battery percent empty.") -> Reported charge is below 20%. The live tick leaves battery percent empty. | F13: Yellow banner. The session continues. | G13: =IF(D13="Stop","Enter Error. Stop the pump and turn the compressor off. Acknowledge returns to Ready.","Yellow banner only. The session keeps running. No acknowledge.") -> Yellow banner only. The session keeps running. No acknowledge.
A14: 10 | B14: USB_NOT_PRESENT | C14: USB stick not present | D14: Message | E14: USB logging is on and no SPINELOGS stick is mounted. | F14: Yellow banner. Logged once per session. | G14: =IF(D14="Stop","Enter Error. Stop the pump and turn the compressor off. Acknowledge returns to Ready.","Yellow banner only. The session keeps running. No acknowledge.") -> Yellow banner only. The session keeps running. No acknowledge.
A15: 11 | B15: SD_STORAGE_LOW | C15: SD card storage below 1 GB | D15: Message | E15: =CONCATENATE("Free space on the local logs disk is below ",TEXT(Limits!B12,"0")," GB.") -> Free space on the local logs disk is below 1 GB. | F15: =CONCATENATE("Yellow banner. Clears once free space is back above ",TEXT(Limits!B12,"0")," GB.") -> Yellow banner. Clears once free space is back above 1 GB. | G15: =IF(D15="Stop","Enter Error. Stop the pump and turn the compressor off. Acknowledge returns to Ready.","Yellow banner only. The session keeps running. No acknowledge.") -> Yellow banner only. The session keeps running. No acknowledge.
A16: 12 | B16: USB_STORAGE_LOW | C16: USB stick storage below 1 GB | D16: Message | E16: =CONCATENATE("A mounted stick has less than ",TEXT(Limits!B12,"0")," GB free.") -> A mounted stick has less than 1 GB free. | F16: =CONCATENATE("Yellow banner. Clears once free space is back above ",TEXT(Limits!B12,"0")," GB.") -> Yellow banner. Clears once free space is back above 1 GB. | G16: =IF(D16="Stop","Enter Error. Stop the pump and turn the compressor off. Acknowledge returns to Ready.","Yellow banner only. The session keeps running. No acknowledge.") -> Yellow banner only. The session keeps running. No acknowledge.
A18: Shared reaction follows Class. Fridge defect and battery low have no live reading yet. Leak detection is off in config.yaml.

Sheet Limits
A1: Limits used by the fault list
A2: Yellow cells with blue text are the config.yaml values as of this list. The Faults sheet reads them. The on-screen message strings stay on the Faults sheet because those are fixed in the fault catalog.
A4: Setting | B4: Value | C4: Unit | D4: Source
A5: CSF sensor | B5: Body Temp | D5: config.yaml alarms.csf_label
A6: CSF low temp | B6: 28 | C6: °C | D6: config.yaml alarms.csf_low_temp_c
A7: Heat exchanger sensor | B7: Plate 1 | D7: config.yaml alarms.heat_ex_label
A8: Heat exchanger minimum | B8: -10 | C8: °C | D8: config.yaml alarms.heat_ex_min_c
A9: Cooling ineffective timeout | B9: 600 | C9: s | D9: config.yaml alarms.cooling_ineffective_timeout_s
A10: Cooling ineffective drop | B10: 0.2 | C10: °C | D10: config.yaml alarms.cooling_ineffective_csf_delta_c
A11: Battery warning | B11: 20 | C11: % | D11: config.yaml alarms.battery_low_pct
A12: Storage minimum | B12: 1 | C12: GB | D12: config.yaml alarms.storage_min_free_gb
A13: Leak debounce | B13: 0.5 | C13: s | D13: config.yaml alarms.leak_debounce_s
A14: Leak detection | B14: Off | D14: config.yaml alarms.leak_detection_enabled is false
